{"cameraMode":{"drawMode":0,"name":"Shaded","section":"Shading Mode"},"sceneLighting":false,"audioPlay":false,"sceneViewState":{"showFog":true,"showMaterialUpdate":false,"showSkybox":true,"showFlares":true,"showImageEffects":true,"showParticleSystems":true},"in2DMode":false,"pivot":{"x":1.809999942779541,"y":0.9258237481117249,"z":3.0799999237060549},"rotation":{"x":-0.25959402322769167,"y":0.6403326988220215,"z":-0.24431835114955903,"w":-0.6803697347640991},"size":3.1291463375091554,"orthographic":false}